company,name,email,phone,website,city,country,language,source
Istanbul Private Transfer,Team,info@istanbulprivatetransfer.com,,https://istanbulprivatetransfer.com,Istanbul,Turkey,tr,google
Antalya Taxi Transfer,Team,info@antalyataxitransfer.com,,https://antalyataxitransfer.com,Antalya,Turkey,tr,google
Bodrum Transfer,Team,info@bodrumtransfer.com.tr,,https://bodrumtransfer.com.tr,Bodrum,Turkey,tr,google
Athens Airport Taxi,Team,info@athensairporttaxi.com,,https://athensairporttaxi.com,Athens,Greece,en,google
Santorini Private Transfers,Team,info@santoriniprivatetransfers.com,,https://santoriniprivatetransfers.com,Santorini,Greece,en,google
Mykonos Transfers,Team,info@mykonostransfers.com,,https://mykonostransfers.com,Mykonos,Greece,en,google
Dubai Airport Transfer,Team,info@dubaiairporttransfer.com,,https://dubaiairporttransfer.com,Dubai,UAE,en,google
Cairo Transfer Service,Team,info@cairotransferservice.com,,https://cairotransferservice.com,Cairo,Egypt,ar,google
Hurghada Transfers,Team,info@hurghadatransfers.com,,https://hurghadatransfers.com,Hurghada,Egypt,ar,google
Marrakech Private Driver,Team,info@marrakechprivatedriver.com,,https://marrakechprivatedriver.com,Marrakech,Morocco,en,google
Bangkok Airport Transfer,Team,info@bangkokairporttransfer.com,,https://bangkokairporttransfer.com,Bangkok,Thailand,en,google
Phuket Transfers,Team,info@phukettransfers.com,,https://phukettransfers.com,Phuket,Thailand,en,google
Bali Driver Service,Team,info@balidriverservice.com,,https://balidriverservice.com,Bali,Indonesia,en,google
Singapore Airport Transfer,Team,info@singaporeairporttransfer.com,,https://singaporeairporttransfer.com,Singapore,Singapore,en,google
Tbilisi Private Transfer,Team,info@tbilisiprivatetransfer.com,,https://tbilisiprivatetransfer.com,Tbilisi,Georgia,en,google
Tirana Airport Transfers,Team,info@tiranaairporttransfers.com,,https://tiranaairporttransfers.com,Tirana,Albania,en,google
Larnaca Airport Taxi,Team,info@larnacaairporttaxi.com,,https://larnacaairporttaxi.com,Larnaca,Cyprus,en,google
Heraklion Transfers,Team,info@herakliontransfers.com,,https://herakliontransfers.com,Heraklion,Greece,en,google
Siem Reap Transfers,Team,info@siemreaptransfers.com,,https://siemreaptransfers.com,Siem Reap,Cambodia,en,google
Colombo Airport Transfer,Team,info@colomboairporttransfer.com,,https://colomboairporttransfer.com,Colombo,Sri Lanka,en,google
